{"cameraMode":{"drawMode":0,"name":"Shaded","section":"Shading Mode"},"sceneLighting":true,"audioPlay":false,"sceneViewState":{"m_AlwaysRefresh":false,"showFog":true,"showSkybox":true,"showFlares":true,"showImageEffects":true,"showParticleSystems":true,"showVisualEffectGraphs":true,"m_FxEnabled":true},"in2DMode":false,"pivot":{"x":1060.78271484375,"y":815.563720703125,"z":275.9410400390625},"rotation":{"x":-0.0004298617714084685,"y":0.9971528649330139,"z":-0.07523754984140396,"w":-0.0056829010136425499},"size":253.26507568359376,"orthographic":false}